nworkers,mean_time
1,4.38756
2,2.48663
4,2.19225
6,1.51699
8,1.11723
10,0.929847
12,0.842088
16,0.74059
20,0.67398
24,0.628273
