nworkers,mean_time
1,7.66801
2,4.00438
4,2.32002
6,1.66828
8,1.32772
10,1.19394
12,1.06592
16,2.00806
20,0.993073
24,1.44114
