nworkers,mean_time
1,18.7709
2,10.6285
4,6.94994
6,5.67377
8,4.52802
10,3.54716
12,3.05723
16,2.45705
20,2.18975
24,2.00644